{
  "mae": 128.38499450683594,
  "rmse": 155.47674560546875,
  "wape": 15.215800285339355
}