{
  "mae": 353.955810546875,
  "rmse": 485.2590026855469,
  "wape": 16.601539611816406
}