{
  "mae": 31.90628433227539,
  "rmse": 38.18210983276367,
  "wape": 14.946778297424316
}