{
  "mae": 5.041790008544922,
  "rmse": 6.149838447570801,
  "wape": 25.728500366210938
}