{
  "mae": 2487.1162109375,
  "rmse": 2848.42236328125,
  "wape": 24.245899200439453
}